"Reference","Qty","Value","DNP","Exclude from BOM","Exclude from Board","Footprint","Datasheet"
"C1,C3,C4","3","100nF","","","","SparkfunLibrary:0603",""
"C2,C5,C6","3","1 uF","","","","SparkfunLibrary:0603",""
"C7","1","1uF","","","","SparkfunLibrary:0603",""
"D1","1","GREEN","","","","LED_SMD:LED_0603_1608Metric",""
"J1","1","SFMC-105-01-L-D","","","","SamacSys_Parts:SFMC-105-XX-YY-D","http://suddendocs.samtec.com/prints/sfmc-1xx-xx-xx-d-xx-mkt.pdf"
"R1,R2,R4,R5","4","10k","","","","SparkfunLibrary:0603",""
"R3","1","0R","","","","SparkfunLibrary:0603",""
"R6,R7","2","2k2","","","","SparkfunLibrary:0603",""
"U1","1","AS72651","","","","SamacSys_Parts:AS72651BLGT","https://ams.com/documents/20143/36005/AS7265x_DS000612_1-00.pdf/08051c8a-a7f6-6231-7993-2d3fe0bf38b8"
"U2","1","4MB Flash","","","","SparkfunLibrary:4MbFlash",""
"U3","1","AS72652","","","","SamacSys_Parts:AS72651BLGT",""
"U4","1","AS72653","","","","SamacSys_Parts:AS72651BLGT",""
