"Reference","Qty","Value","DNP","Exclude from BOM","Exclude from Board","Footprint","Datasheet","MANUFACTURER","Price"
"C1,C3,C5,C8","4","100nF","","","","SparkfunLibrary:0603","","",""
"C2,C4,C6","3","1 uF","","","","SparkfunLibrary:0603","","",""
"C7","1","1uF","","","","SparkfunLibrary:0603","","",""
"D1","1","GREEN","","","","","","",""
"H1,H2","2","PC/104 Connector","","","","Connector_PinSocket_2.54mm:PinSocket_2x26_P2.54mm_Vertical","","",""
"L1","1","60R/250mA","","","","SamacSys_Parts:0402","","",""
"Q1","1","DTC113Z","","","","SamacSys_Parts:DTC113ZUA","","",""
"R1,R2","2","2.2k","","","","SparkfunLibrary:0603","","",""
"R3,R6,R7,R8","4","10k","","","","SparkfunLibrary:0603","","",""
"R5","1","0R","","","","SparkfunLibrary:0603","","",""
"R9,R10","2","2k2","","","","SparkfunLibrary:0603","","",""
"TP1,TP2,TP3","3","TestPoint","","","","TestPoint:TestPoint_Pad_D1.0mm","","",""
"U2","1","4MB Flash","","","","SparkfunLibrary:4MbFlash","","",""
"U3","1","AS72652","","","","SparkfunLibrary:AS72651","","",""
"U4","1","AS72653","","","","SparkfunLibrary:AS72651","","",""
"U6","1","AS72651","","","","Package_LGA:AMS_LGA-20_4.7x4.5mm_P0.65mm","https://ams.com/documents/20143/36005/AS7265x_DS000612_1-00.pdf/08051c8a-a7f6-6231-7993-2d3fe0bf38b8","",""
"U7","1","RASPBERRY_PI_ZERO_2_W","","","","RPIZERO:RASPBERRYPI-ZERO_RPI-ZERO","","Raspberry Pi","None"
